{
  "script": {
    "steps": [],
    "maxProcessedMemTableBytes": -1,
    "columnsSelection": {
      "mode": "SELECT",
      "list": [
        {
          "name": "text",
          "d": true
        },
        {
          "name": "imageUrl",
          "d": false
        },
        {
          "name": "llm_output",
          "d": false
        },
        {
          "name": "llm_validation_status",
          "d": false
        },
        {
          "name": "llm_raw_response",
          "d": false
        },
        {
          "name": "llm_error_message",
          "d": false
        },
        {
          "name": "llm_output_1",
          "d": true
        },
        {
          "name": "llm_validation_status_1",
          "d": false
        },
        {
          "name": "llm_raw_response_1",
          "d": false
        },
        {
          "name": "llm_error_message_1",
          "d": false
        }
      ]
    },
    "columnWidthsByName": {
      "text": 300,
      "imageUrl": 300,
      "llm_output": 300,
      "llm_validation_status": 173,
      "llm_raw_response": 135,
      "llm_error_message": 143,
      "llm_output_1": 556,
      "llm_validation_status_1": 188,
      "llm_raw_response_1": 150,
      "llm_error_message_1": 158
    },
    "columnUseScientificNotationByName": {},
    "coloring": {
      "scheme": "MEANING_AND_STATUS",
      "individualColumns": [],
      "individualColumnsRules": [],
      "valueColoringMode": "HASH"
    },
    "sorting": [],
    "analysisColumnData": {},
    "explorationSampling": {
      "selection": {
        "maxRecordsForDisplay": -1,
        "maxStoredBytes": 104857600,
        "timeout": -1,
        "filter": {
          "distinct": false,
          "enabled": false
        },
        "partitionSelectionMethod": "ALL",
        "latestPartitionsN": 1,
        "ordering": {
          "enabled": false,
          "rules": []
        },
        "samplingMethod": "HEAD_SEQUENTIAL",
        "maxRecords": 10000,
        "targetRatio": 0.02,
        "ascending": true,
        "withinFirstN": -1,
        "maxReadUncompressedBytes": -1
      },
      "autoRefreshSample": false,
      "_refreshTrigger": 0
    },
    "vizSampling": {
      "selection": {
        "useMemTable": false,
        "filter": {
          "distinct": false,
          "enabled": false
        },
        "partitionSelectionMethod": "ALL",
        "latestPartitionsN": 1,
        "ordering": {
          "enabled": false,
          "rules": []
        },
        "samplingMethod": "FULL",
        "maxRecords": -1,
        "targetRatio": 0.02,
        "ascending": true,
        "withinFirstN": -1,
        "maxReadUncompressedBytes": -1
      },
      "autoRefreshSample": false,
      "_refreshTrigger": 0
    },
    "exploreUIParams": {
      "autoRefresh": true
    },
    "globalSearchQuery": "",
    "explorationFilters": [],
    "previewMode": "ALL_ROWS"
  },
  "charts": [],
  "interactiveSearch": {
    "savedQueries": []
  },
  "customMeasures": []
}