{
  "filters": [
    {
      "isAdvanced": false,
      "scope": "PRIVATE",
      "isDirty": true,
      "creatorLogin": "admin",
      "id": "d90f3c1b4e06755376df61b2a48bf4c6f8cc5d43602f803434e4e381348ca434b8affb447d11f285e8d3ecf4f651f8df4446df1fc997b0c21d6847a43f8cce35",
      "creationDate": 1710867786126,
      "derivedFromFilterId": "-1",
      "structuredFlowObjectFilter": {
        "tags": [],
        "types": [],
        "creator": [],
        "customCreationDateRange": {
          "from": 0,
          "to": 0
        },
        "customModificationDateRange": {
          "from": 0,
          "to": 0
        },
        "downstreamPredecessorsIds": [],
        "datasetTypes": [],
        "recipeTypes": []
      },
      "removeFadedElements": false,
      "query": ""
    }
  ]
}