{
  "tags": {
    "DASHBOARD.mWSMxIY": {
      "versionNumber": 0,
      "lastModifiedBy": {
        "login": "admin"
      },
      "lastModifiedOn": 1710856559777,
      "extendedProperties": {}
    },
    "DATASET.data": {
      "versionNumber": 1,
      "lastModifiedBy": {
        "login": "admin"
      },
      "lastModifiedOn": 1710856760453,
      "extendedProperties": {}
    },
    "DATASET.data_generated": {
      "versionNumber": 1,
      "lastModifiedBy": {
        "login": "admin"
      },
      "lastModifiedOn": 1710858783365,
      "extendedProperties": {}
    },
    "DATASET.described_images": {
      "versionNumber": 1,
      "lastModifiedBy": {
        "login": "admin"
      },
      "lastModifiedOn": 1710858783365,
      "extendedProperties": {}
    },
    "DATASET.explained_sayings": {
      "versionNumber": 1,
      "lastModifiedBy": {
        "login": "admin"
      },
      "lastModifiedOn": 1710864695726,
      "extendedProperties": {}
    },
    "DATASET.explained_sayings_generated": {
      "versionNumber": 2,
      "lastModifiedBy": {
        "login": "admin"
      },
      "lastModifiedOn": 1710870021474,
      "extendedProperties": {}
    },
    "DATASET.matched_sayings": {
      "versionNumber": 2,
      "lastModifiedBy": {
        "login": "admin"
      },
      "lastModifiedOn": 1710870021474,
      "extendedProperties": {}
    },
    "DATASET.prompts_images": {
      "versionNumber": 1,
      "lastModifiedBy": {
        "login": "admin"
      },
      "lastModifiedOn": 1710856760453,
      "extendedProperties": {}
    },
    "DATASET.prompts_images_generated": {
      "versionNumber": 1,
      "lastModifiedBy": {
        "login": "admin"
      },
      "lastModifiedOn": 1710933399964,
      "extendedProperties": {}
    },
    "DATASET.rag_explained_sayings": {
      "versionNumber": 2,
      "lastModifiedBy": {
        "login": "admin"
      },
      "lastModifiedOn": 1710870021474,
      "extendedProperties": {}
    },
    "PROJECT.TEST1": {
      "versionNumber": 7,
      "lastModifiedBy": {
        "login": "admin"
      },
      "lastModifiedOn": 1710933412657,
      "extendedProperties": {}
    },
    "PROMPT_STUDIO.9NrVwmM": {
      "versionNumber": 1,
      "lastModifiedBy": {
        "login": "admin"
      },
      "lastModifiedOn": 1710933306543,
      "extendedProperties": {}
    },
    "RECIPE.compute_data_generated": {
      "versionNumber": 14,
      "lastModifiedBy": {
        "login": "admin"
      },
      "lastModifiedOn": 1710933445738,
      "extendedProperties": {}
    },
    "RECIPE.compute_explained_sayings": {
      "versionNumber": 4,
      "lastModifiedBy": {
        "login": "admin"
      },
      "lastModifiedOn": 1710933455451,
      "extendedProperties": {}
    },
    "RECIPE.compute_explained_sayings_generated": {
      "versionNumber": 7,
      "lastModifiedBy": {
        "login": "admin"
      },
      "lastModifiedOn": 1710933829787,
      "extendedProperties": {}
    },
    "RECIPE.compute_prompts_images_embedded": {
      "versionNumber": 10,
      "lastModifiedBy": {
        "login": "admin"
      },
      "lastModifiedOn": 1710869428087,
      "extendedProperties": {}
    },
    "RECIPE.compute_prompts_images_generated": {
      "versionNumber": 0,
      "lastModifiedBy": {
        "login": "admin"
      },
      "lastModifiedOn": 1710933399965,
      "extendedProperties": {}
    },
    "RECIPE.compute_rag_explained_sayings": {
      "versionNumber": 0,
      "lastModifiedBy": {
        "login": "admin"
      },
      "lastModifiedOn": 1710869563261,
      "extendedProperties": {}
    },
    "RETRIEVABLE_KNOWLEDGE.C6Kw5CLY": {
      "versionNumber": 7,
      "lastModifiedBy": {
        "login": "admin"
      },
      "lastModifiedOn": 1710935415515,
      "extendedProperties": {}
    },
    "RETRIEVABLE_KNOWLEDGE.Cb03lIE7": {
      "versionNumber": 0,
      "lastModifiedBy": {
        "login": "admin"
      },
      "lastModifiedOn": 1710868255244,
      "extendedProperties": {}
    },
    "RETRIEVABLE_KNOWLEDGE.DdD6XwKS": {
      "versionNumber": 0,
      "lastModifiedBy": {
        "login": "admin"
      },
      "lastModifiedOn": 1710865188241,
      "extendedProperties": {}
    },
    "RETRIEVABLE_KNOWLEDGE.qcfKKkRh": {
      "versionNumber": 0,
      "lastModifiedBy": {
        "login": "admin"
      },
      "lastModifiedOn": 1710867664496,
      "extendedProperties": {}
    }
  }
}