text,imageUrl
"An apple a day keeps the doctor away, forever and ever", "https://image-examples-llava.s3.amazonaws.com/images/apple_day.png"
"Every cloud has a silver lining in the sky of hope", "https://image-examples-llava.s3.amazonaws.com/images/cloud_silver.png"
"The quick brown fox jumps over the lazy dog", "https://image-examples-llava.s3.amazonaws.com/images/fox_dog.png"
"A stitch in time saves nine in the world of design", "https://image-examples-llava.s3.amazonaws.com/images/needle_thread.png"
"Slow and steady wins the race in the marathon of life", "https://image-examples-llava.s3.amazonaws.com/images/slow_steady.png"
"Time flies like an arrow; fruit flies like a banana", "https://image-examples-llava.s3.amazonaws.com/images/time_banana.png"