{
  "name": "prompts_images_embedded",
  "retrieverType": "VECTOR_STORE_BACKED",
  "rebuildBehavior": "EXPLICIT",
  "vectorStoreType": "FAISS",
  "embeddingLLMId": "custom:takeoff:takeoff-embed",
  "envSelection": {
    "envMode": "EXPLICIT_ENV",
    "envName": "rag-env"
  },
  "llmsExposedWith": [
    {
      "ragModelId": "takeoff-generate-with-rag",
      "llmId": "custom:takeoff:takeoff-generate",
      "maxDocuments": 1,
      "useMMR": false,
      "mmrK": 20,
      "mmrDiversity": 0.25,
      "printSources": true,
      "includeContentInSources": true,
      "outputFormat": "TEXT",
      "customizeContextMessage": true,
      "contextMessage": "Use the following pieces of context to answer the question at the end.\nIf you do not know the answer, just say that you do not know, do not try to make up an answer."
    }
  ],
  "creationTag": {
    "versionNumber": 0,
    "lastModifiedBy": {
      "login": "admin"
    },
    "lastModifiedOn": 1710868375056,
    "extendedProperties": {}
  },
  "tags": [],
  "customFields": {},
  "checklists": {
    "checklists": []
  }
}