{
  "meta" : {
    "label": "Snowflake login with SSO",
    "description": "Define a preset that DSS users can use to authenticate themselves on snowflake. The plugin will work with per-user credentials.",
    "icon": "icon-cloud"
  },
  "defaultDefinableInline": true,
  "defaultDefinableAtProjectLevel": true,
  "pluginParams": [
  ],

  "params": [
    {
      "name": "snowflake_oauth",
      "type": "CREDENTIAL_REQUEST",
      "label": "Snowflake Single Sign On",
      "credentialRequestSettings": {
        "type": "OAUTH2",
        "authorizationEndpoint": "",
        "tokenEndpoint": "",
        "scope": ""
      },
      "mandatory": true
    },
    {
      "name": "authorizationEndpoint",
      "label": "Auth authorization endpoint",
      "type": "STRING",
      "description": "Similar to https://<SNOWFLAKE_ACCOUNT_ID>.prod3.us-west-2.aws.snowflakecomputing.com/oauth/authorize",
      "mandatory": true
    },
    {
      "name": "tokenEndpoint",
      "label": "Auth token endpoint",
      "type": "STRING",
      "description": "Similar to https://<SNOWFLAKE_ACCOUNT_ID>.prod3.us-west-2.aws.snowflakecomputing.com/oauth/token-request",
      "mandatory": true
    },
    {
      "name": "scope",
      "label": "Scope",
      "type": "STRING",
      "description": "Example: refresh_token session:role:DATAIKU_SPCS_ROLE",
      "mandatory": true
    }

  ]
}